--
-- PostgreSQL database dump
--

-- Dumped from database version 15.2
-- Dumped by pg_dump version 15.2

-- Started on 2023-04-14 15:30:35

SET statement_timeout = 0;
SET lock_timeout = 0;
SET idle_in_transaction_session_timeout = 0;
SET client_encoding = 'UTF8';
SET standard_conforming_strings = on;
SELECT pg_catalog.set_config('search_path', '', false);
SET check_function_bodies = false;
SET xmloption = content;
SET client_min_messages = warning;
SET row_security = off;

SET default_tablespace = '';

SET default_table_access_method = heap;

--
-- TOC entry 221 (class 1259 OID 16592)
-- Name: auth_group; Type: TABLE; Schema: public; Owner: postgres
--

CREATE TABLE public.auth_group (
    id integer NOT NULL,
    name character varying(150) NOT NULL
);


ALTER TABLE public.auth_group OWNER TO postgres;

--
-- TOC entry 220 (class 1259 OID 16591)
-- Name: auth_group_id_seq; Type: SEQUENCE; Schema: public; Owner: postgres
--

ALTER TABLE public.auth_group ALTER COLUMN id ADD GENERATED BY DEFAULT AS IDENTITY (
    SEQUENCE NAME public.auth_group_id_seq
    START WITH 1
    INCREMENT BY 1
    NO MINVALUE
    NO MAXVALUE
    CACHE 1
);


--
-- TOC entry 223 (class 1259 OID 16600)
-- Name: auth_group_permissions; Type: TABLE; Schema: public; Owner: postgres
--

CREATE TABLE public.auth_group_permissions (
    id bigint NOT NULL,
    group_id integer NOT NULL,
    permission_id integer NOT NULL
);


ALTER TABLE public.auth_group_permissions OWNER TO postgres;

--
-- TOC entry 222 (class 1259 OID 16599)
-- Name: auth_group_permissions_id_seq; Type: SEQUENCE; Schema: public; Owner: postgres
--

ALTER TABLE public.auth_group_permissions ALTER COLUMN id ADD GENERATED BY DEFAULT AS IDENTITY (
    SEQUENCE NAME public.auth_group_permissions_id_seq
    START WITH 1
    INCREMENT BY 1
    NO MINVALUE
    NO MAXVALUE
    CACHE 1
);


--
-- TOC entry 219 (class 1259 OID 16586)
-- Name: auth_permission; Type: TABLE; Schema: public; Owner: postgres
--

CREATE TABLE public.auth_permission (
    id integer NOT NULL,
    name character varying(255) NOT NULL,
    content_type_id integer NOT NULL,
    codename character varying(100) NOT NULL
);


ALTER TABLE public.auth_permission OWNER TO postgres;

--
-- TOC entry 218 (class 1259 OID 16585)
-- Name: auth_permission_id_seq; Type: SEQUENCE; Schema: public; Owner: postgres
--

ALTER TABLE public.auth_permission ALTER COLUMN id ADD GENERATED BY DEFAULT AS IDENTITY (
    SEQUENCE NAME public.auth_permission_id_seq
    START WITH 1
    INCREMENT BY 1
    NO MINVALUE
    NO MAXVALUE
    CACHE 1
);


--
-- TOC entry 225 (class 1259 OID 16606)
-- Name: auth_user; Type: TABLE; Schema: public; Owner: postgres
--

CREATE TABLE public.auth_user (
    id integer NOT NULL,
    password character varying(128) NOT NULL,
    last_login timestamp with time zone,
    is_superuser boolean NOT NULL,
    username character varying(150) NOT NULL,
    first_name character varying(150) NOT NULL,
    last_name character varying(150) NOT NULL,
    email character varying(254) NOT NULL,
    is_staff boolean NOT NULL,
    is_active boolean NOT NULL,
    date_joined timestamp with time zone NOT NULL
);


ALTER TABLE public.auth_user OWNER TO postgres;

--
-- TOC entry 227 (class 1259 OID 16614)
-- Name: auth_user_groups; Type: TABLE; Schema: public; Owner: postgres
--

CREATE TABLE public.auth_user_groups (
    id bigint NOT NULL,
    user_id integer NOT NULL,
    group_id integer NOT NULL
);


ALTER TABLE public.auth_user_groups OWNER TO postgres;

--
-- TOC entry 226 (class 1259 OID 16613)
-- Name: auth_user_groups_id_seq; Type: SEQUENCE; Schema: public; Owner: postgres
--

ALTER TABLE public.auth_user_groups ALTER COLUMN id ADD GENERATED BY DEFAULT AS IDENTITY (
    SEQUENCE NAME public.auth_user_groups_id_seq
    START WITH 1
    INCREMENT BY 1
    NO MINVALUE
    NO MAXVALUE
    CACHE 1
);


--
-- TOC entry 224 (class 1259 OID 16605)
-- Name: auth_user_id_seq; Type: SEQUENCE; Schema: public; Owner: postgres
--

ALTER TABLE public.auth_user ALTER COLUMN id ADD GENERATED BY DEFAULT AS IDENTITY (
    SEQUENCE NAME public.auth_user_id_seq
    START WITH 1
    INCREMENT BY 1
    NO MINVALUE
    NO MAXVALUE
    CACHE 1
);


--
-- TOC entry 229 (class 1259 OID 16620)
-- Name: auth_user_user_permissions; Type: TABLE; Schema: public; Owner: postgres
--

CREATE TABLE public.auth_user_user_permissions (
    id bigint NOT NULL,
    user_id integer NOT NULL,
    permission_id integer NOT NULL
);


ALTER TABLE public.auth_user_user_permissions OWNER TO postgres;

--
-- TOC entry 228 (class 1259 OID 16619)
-- Name: auth_user_user_permissions_id_seq; Type: SEQUENCE; Schema: public; Owner: postgres
--

ALTER TABLE public.auth_user_user_permissions ALTER COLUMN id ADD GENERATED BY DEFAULT AS IDENTITY (
    SEQUENCE NAME public.auth_user_user_permissions_id_seq
    START WITH 1
    INCREMENT BY 1
    NO MINVALUE
    NO MAXVALUE
    CACHE 1
);


--
-- TOC entry 233 (class 1259 OID 16707)
-- Name: bahan; Type: TABLE; Schema: public; Owner: postgres
--

CREATE TABLE public.bahan (
    id integer NOT NULL,
    nama character varying(255) NOT NULL,
    created_date timestamp with time zone NOT NULL,
    modified_date timestamp with time zone NOT NULL
);


ALTER TABLE public.bahan OWNER TO postgres;

--
-- TOC entry 232 (class 1259 OID 16706)
-- Name: bahan_id_seq; Type: SEQUENCE; Schema: public; Owner: postgres
--

ALTER TABLE public.bahan ALTER COLUMN id ADD GENERATED BY DEFAULT AS IDENTITY (
    SEQUENCE NAME public.bahan_id_seq
    START WITH 1
    INCREMENT BY 1
    NO MINVALUE
    NO MAXVALUE
    CACHE 1
);


--
-- TOC entry 231 (class 1259 OID 16678)
-- Name: django_admin_log; Type: TABLE; Schema: public; Owner: postgres
--

CREATE TABLE public.django_admin_log (
    id integer NOT NULL,
    action_time timestamp with time zone NOT NULL,
    object_id text,
    object_repr character varying(200) NOT NULL,
    action_flag smallint NOT NULL,
    change_message text NOT NULL,
    content_type_id integer,
    user_id integer NOT NULL,
    CONSTRAINT django_admin_log_action_flag_check CHECK ((action_flag >= 0))
);


ALTER TABLE public.django_admin_log OWNER TO postgres;

--
-- TOC entry 230 (class 1259 OID 16677)
-- Name: django_admin_log_id_seq; Type: SEQUENCE; Schema: public; Owner: postgres
--

ALTER TABLE public.django_admin_log ALTER COLUMN id ADD GENERATED BY DEFAULT AS IDENTITY (
    SEQUENCE NAME public.django_admin_log_id_seq
    START WITH 1
    INCREMENT BY 1
    NO MINVALUE
    NO MAXVALUE
    CACHE 1
);


--
-- TOC entry 217 (class 1259 OID 16578)
-- Name: django_content_type; Type: TABLE; Schema: public; Owner: postgres
--

CREATE TABLE public.django_content_type (
    id integer NOT NULL,
    app_label character varying(100) NOT NULL,
    model character varying(100) NOT NULL
);


ALTER TABLE public.django_content_type OWNER TO postgres;

--
-- TOC entry 216 (class 1259 OID 16577)
-- Name: django_content_type_id_seq; Type: SEQUENCE; Schema: public; Owner: postgres
--

ALTER TABLE public.django_content_type ALTER COLUMN id ADD GENERATED BY DEFAULT AS IDENTITY (
    SEQUENCE NAME public.django_content_type_id_seq
    START WITH 1
    INCREMENT BY 1
    NO MINVALUE
    NO MAXVALUE
    CACHE 1
);


--
-- TOC entry 215 (class 1259 OID 16570)
-- Name: django_migrations; Type: TABLE; Schema: public; Owner: postgres
--

CREATE TABLE public.django_migrations (
    id bigint NOT NULL,
    app character varying(255) NOT NULL,
    name character varying(255) NOT NULL,
    applied timestamp with time zone NOT NULL
);


ALTER TABLE public.django_migrations OWNER TO postgres;

--
-- TOC entry 214 (class 1259 OID 16569)
-- Name: django_migrations_id_seq; Type: SEQUENCE; Schema: public; Owner: postgres
--

ALTER TABLE public.django_migrations ALTER COLUMN id ADD GENERATED BY DEFAULT AS IDENTITY (
    SEQUENCE NAME public.django_migrations_id_seq
    START WITH 1
    INCREMENT BY 1
    NO MINVALUE
    NO MAXVALUE
    CACHE 1
);


--
-- TOC entry 236 (class 1259 OID 16762)
-- Name: django_session; Type: TABLE; Schema: public; Owner: postgres
--

CREATE TABLE public.django_session (
    session_key character varying(40) NOT NULL,
    session_data text NOT NULL,
    expire_date timestamp with time zone NOT NULL
);


ALTER TABLE public.django_session OWNER TO postgres;

--
-- TOC entry 235 (class 1259 OID 16713)
-- Name: kategori; Type: TABLE; Schema: public; Owner: postgres
--

CREATE TABLE public.kategori (
    id integer NOT NULL,
    nama character varying(255) NOT NULL,
    created_date timestamp with time zone NOT NULL,
    modified_date timestamp with time zone NOT NULL
);


ALTER TABLE public.kategori OWNER TO postgres;

--
-- TOC entry 234 (class 1259 OID 16712)
-- Name: kategori_id_seq; Type: SEQUENCE; Schema: public; Owner: postgres
--

ALTER TABLE public.kategori ALTER COLUMN id ADD GENERATED BY DEFAULT AS IDENTITY (
    SEQUENCE NAME public.kategori_id_seq
    START WITH 1
    INCREMENT BY 1
    NO MINVALUE
    NO MAXVALUE
    CACHE 1
);


--
-- TOC entry 240 (class 1259 OID 16779)
-- Name: resep; Type: TABLE; Schema: public; Owner: postgres
--

CREATE TABLE public.resep (
    id integer NOT NULL,
    nama text NOT NULL,
    created_date timestamp with time zone NOT NULL,
    modified_date timestamp with time zone NOT NULL,
    id_kategori integer
);


ALTER TABLE public.resep OWNER TO postgres;

--
-- TOC entry 242 (class 1259 OID 16787)
-- Name: resep_detail; Type: TABLE; Schema: public; Owner: postgres
--

CREATE TABLE public.resep_detail (
    id integer NOT NULL,
    created_date timestamp with time zone NOT NULL,
    modified_date timestamp with time zone NOT NULL,
    id_bahan integer,
    id_resep integer,
    id_satuan integer,
    jumlah double precision
);


ALTER TABLE public.resep_detail OWNER TO postgres;

--
-- TOC entry 241 (class 1259 OID 16786)
-- Name: resep_detail_id_seq; Type: SEQUENCE; Schema: public; Owner: postgres
--

ALTER TABLE public.resep_detail ALTER COLUMN id ADD GENERATED BY DEFAULT AS IDENTITY (
    SEQUENCE NAME public.resep_detail_id_seq
    START WITH 1
    INCREMENT BY 1
    NO MINVALUE
    NO MAXVALUE
    CACHE 1
);


--
-- TOC entry 239 (class 1259 OID 16778)
-- Name: resep_id_seq; Type: SEQUENCE; Schema: public; Owner: postgres
--

ALTER TABLE public.resep ALTER COLUMN id ADD GENERATED BY DEFAULT AS IDENTITY (
    SEQUENCE NAME public.resep_id_seq
    START WITH 1
    INCREMENT BY 1
    NO MINVALUE
    NO MAXVALUE
    CACHE 1
);


--
-- TOC entry 238 (class 1259 OID 16773)
-- Name: satuan; Type: TABLE; Schema: public; Owner: postgres
--

CREATE TABLE public.satuan (
    id integer NOT NULL,
    nama character varying(100) NOT NULL,
    simbol character varying(100) NOT NULL,
    created_date timestamp with time zone NOT NULL,
    modified_date timestamp with time zone
);


ALTER TABLE public.satuan OWNER TO postgres;

--
-- TOC entry 237 (class 1259 OID 16772)
-- Name: satuan_id_seq; Type: SEQUENCE; Schema: public; Owner: postgres
--

ALTER TABLE public.satuan ALTER COLUMN id ADD GENERATED BY DEFAULT AS IDENTITY (
    SEQUENCE NAME public.satuan_id_seq
    START WITH 1
    INCREMENT BY 1
    NO MINVALUE
    NO MAXVALUE
    CACHE 1
);


--
-- TOC entry 3466 (class 0 OID 16592)
-- Dependencies: 221
-- Data for Name: auth_group; Type: TABLE DATA; Schema: public; Owner: postgres
--

COPY public.auth_group (id, name) FROM stdin;
\.


--
-- TOC entry 3468 (class 0 OID 16600)
-- Dependencies: 223
-- Data for Name: auth_group_permissions; Type: TABLE DATA; Schema: public; Owner: postgres
--

COPY public.auth_group_permissions (id, group_id, permission_id) FROM stdin;
\.


--
-- TOC entry 3464 (class 0 OID 16586)
-- Dependencies: 219
-- Data for Name: auth_permission; Type: TABLE DATA; Schema: public; Owner: postgres
--

COPY public.auth_permission (id, name, content_type_id, codename) FROM stdin;
1	Can add log entry	1	add_logentry
2	Can change log entry	1	change_logentry
3	Can delete log entry	1	delete_logentry
4	Can view log entry	1	view_logentry
5	Can add permission	2	add_permission
6	Can change permission	2	change_permission
7	Can delete permission	2	delete_permission
8	Can view permission	2	view_permission
9	Can add group	3	add_group
10	Can change group	3	change_group
11	Can delete group	3	delete_group
12	Can view group	3	view_group
13	Can add user	4	add_user
14	Can change user	4	change_user
15	Can delete user	4	delete_user
16	Can view user	4	view_user
17	Can add content type	5	add_contenttype
18	Can change content type	5	change_contenttype
19	Can delete content type	5	delete_contenttype
20	Can view content type	5	view_contenttype
21	Can add session	6	add_session
22	Can change session	6	change_session
23	Can delete session	6	delete_session
24	Can view session	6	view_session
25	Can add bahan model	7	add_bahanmodel
26	Can change bahan model	7	change_bahanmodel
27	Can delete bahan model	7	delete_bahanmodel
28	Can view bahan model	7	view_bahanmodel
29	Can add satuan model	8	add_satuanmodel
30	Can change satuan model	8	change_satuanmodel
31	Can delete satuan model	8	delete_satuanmodel
32	Can view satuan model	8	view_satuanmodel
33	Can add kategori model	9	add_kategorimodel
34	Can change kategori model	9	change_kategorimodel
35	Can delete kategori model	9	delete_kategorimodel
36	Can view kategori model	9	view_kategorimodel
37	Can add resep model	10	add_resepmodel
38	Can change resep model	10	change_resepmodel
39	Can delete resep model	10	delete_resepmodel
40	Can view resep model	10	view_resepmodel
41	Can add resep detail model	11	add_resepdetailmodel
42	Can change resep detail model	11	change_resepdetailmodel
43	Can delete resep detail model	11	delete_resepdetailmodel
44	Can view resep detail model	11	view_resepdetailmodel
\.


--
-- TOC entry 3470 (class 0 OID 16606)
-- Dependencies: 225
-- Data for Name: auth_user; Type: TABLE DATA; Schema: public; Owner: postgres
--

COPY public.auth_user (id, password, last_login, is_superuser, username, first_name, last_name, email, is_staff, is_active, date_joined) FROM stdin;
1	pbkdf2_sha256$600000$hnJyR2wwCSK7fWvbfNH6xB$VDpUAZZazGcZzfsNtbjryTJW0LvXro1O/9MFVRDALHg=	2023-04-13 11:39:09.484954+07	t	admin			admin@gmail.com	t	t	2023-04-13 11:39:00.645741+07
\.


--
-- TOC entry 3472 (class 0 OID 16614)
-- Dependencies: 227
-- Data for Name: auth_user_groups; Type: TABLE DATA; Schema: public; Owner: postgres
--

COPY public.auth_user_groups (id, user_id, group_id) FROM stdin;
\.


--
-- TOC entry 3474 (class 0 OID 16620)
-- Dependencies: 229
-- Data for Name: auth_user_user_permissions; Type: TABLE DATA; Schema: public; Owner: postgres
--

COPY public.auth_user_user_permissions (id, user_id, permission_id) FROM stdin;
\.


--
-- TOC entry 3478 (class 0 OID 16707)
-- Dependencies: 233
-- Data for Name: bahan; Type: TABLE DATA; Schema: public; Owner: postgres
--

COPY public.bahan (id, nama, created_date, modified_date) FROM stdin;
1	Nasi	2023-04-13 13:36:27.115089+07	2023-04-13 13:36:27.116116+07
2	Telur	2023-04-13 13:36:58.871584+07	2023-04-13 13:36:58.871584+07
3	Minyak Goreng	2023-04-13 13:37:26.030101+07	2023-04-13 13:37:26.030101+07
6	Ayam	2023-04-13 13:38:00.307546+07	2023-04-13 13:38:00.307546+07
8	Kecap	2023-04-13 13:38:25.726284+07	2023-04-13 13:38:25.726284+07
4	Bawang merah	2023-04-13 13:37:31.77806+07	2023-04-13 13:38:54.270658+07
5	Bawang putih	2023-04-13 13:37:48.044729+07	2023-04-13 13:39:05.823569+07
7	Sayur cesim	2023-04-13 13:38:20.996653+07	2023-04-13 13:39:18.295447+07
9	Garam	2023-04-13 13:39:32.560368+07	2023-04-13 13:39:32.560368+07
10	Selada	2023-04-14 14:01:07.393966+07	2023-04-14 14:01:07.393966+07
\.


--
-- TOC entry 3476 (class 0 OID 16678)
-- Dependencies: 231
-- Data for Name: django_admin_log; Type: TABLE DATA; Schema: public; Owner: postgres
--

COPY public.django_admin_log (id, action_time, object_id, object_repr, action_flag, change_message, content_type_id, user_id) FROM stdin;
\.


--
-- TOC entry 3462 (class 0 OID 16578)
-- Dependencies: 217
-- Data for Name: django_content_type; Type: TABLE DATA; Schema: public; Owner: postgres
--

COPY public.django_content_type (id, app_label, model) FROM stdin;
1	admin	logentry
2	auth	permission
3	auth	group
4	auth	user
5	contenttypes	contenttype
6	sessions	session
7	bahan	bahanmodel
8	satuan	satuanmodel
9	kategori	kategorimodel
10	resep	resepmodel
11	resep	resepdetailmodel
\.


--
-- TOC entry 3460 (class 0 OID 16570)
-- Dependencies: 215
-- Data for Name: django_migrations; Type: TABLE DATA; Schema: public; Owner: postgres
--

COPY public.django_migrations (id, app, name, applied) FROM stdin;
1	contenttypes	0001_initial	2023-04-13 10:56:42.760643+07
2	auth	0001_initial	2023-04-13 10:56:42.897806+07
3	admin	0001_initial	2023-04-13 10:56:42.950923+07
4	admin	0002_logentry_remove_auto_add	2023-04-13 10:56:42.971523+07
5	admin	0003_logentry_add_action_flag_choices	2023-04-13 10:56:42.999405+07
6	contenttypes	0002_remove_content_type_name	2023-04-13 10:56:43.036754+07
7	auth	0002_alter_permission_name_max_length	2023-04-13 10:56:43.068464+07
8	auth	0003_alter_user_email_max_length	2023-04-13 10:56:43.089555+07
9	auth	0004_alter_user_username_opts	2023-04-13 10:56:43.115132+07
10	auth	0005_alter_user_last_login_null	2023-04-13 10:56:43.136603+07
11	auth	0006_require_contenttypes_0002	2023-04-13 10:56:43.141938+07
12	auth	0007_alter_validators_add_error_messages	2023-04-13 10:56:43.164168+07
13	auth	0008_alter_user_username_max_length	2023-04-13 10:56:43.204283+07
14	auth	0009_alter_user_last_name_max_length	2023-04-13 10:56:43.223936+07
15	auth	0010_alter_group_name_max_length	2023-04-13 10:56:43.257717+07
16	auth	0011_update_proxy_permissions	2023-04-13 10:56:43.284011+07
17	auth	0012_alter_user_first_name_max_length	2023-04-13 10:56:43.302437+07
18	bahan	0001_initial	2023-04-13 10:56:43.317476+07
19	kategori	0001_initial	2023-04-13 10:56:43.336363+07
22	sessions	0001_initial	2023-04-13 10:56:43.448966+07
23	satuan	0001_initial	2023-04-13 11:05:24.496788+07
24	resep	0001_initial	2023-04-13 11:05:24.574436+07
25	resep	0002_resepdetailmodel_jumlah	2023-04-14 13:13:50.889683+07
26	satuan	0002_alter_satuanmodel_modified_date	2023-04-14 13:13:50.900754+07
27	resep	0003_alter_resepdetailmodel_resep	2023-04-14 14:27:02.910479+07
\.


--
-- TOC entry 3481 (class 0 OID 16762)
-- Dependencies: 236
-- Data for Name: django_session; Type: TABLE DATA; Schema: public; Owner: postgres
--

COPY public.django_session (session_key, session_data, expire_date) FROM stdin;
l60b749pb4w2xh50qogmh68tquqzmb3p	.eJxVjEEOwiAQRe_C2pCWloFx6d4zkBkGpGpoUtqV8e7apAvd_vfef6lA21rC1tISJlFn1avT78YUH6nuQO5Ub7OOc12XifWu6IM2fZ0lPS-H-3dQqJVvDZjAx5wJpQOASOAGGU02jMlZj-x4sMg4WvDMvQFh7iyIsS4Dsaj3B-ssOCQ:1pmojl:H8XtvmFgSELeSJ_LAPm3KkaknW3kJ8VMMix6X6dCt3s	2023-04-27 11:39:09.488188+07
\.


--
-- TOC entry 3480 (class 0 OID 16713)
-- Dependencies: 235
-- Data for Name: kategori; Type: TABLE DATA; Schema: public; Owner: postgres
--

COPY public.kategori (id, nama, created_date, modified_date) FROM stdin;
2	Soup	2023-04-13 12:35:44.559626+07	2023-04-13 12:35:44.559626+07
3	Main course	2023-04-13 12:38:51.800284+07	2023-04-13 12:38:51.800284+07
4	Dessert	2023-04-13 12:39:10.582406+07	2023-04-13 12:39:10.582406+07
5	Hot beverage	2023-04-13 12:39:41.00156+07	2023-04-13 12:39:41.00156+07
1	Appetizer	2023-04-13 12:32:26.604912+07	2023-04-13 13:35:43.927007+07
\.


--
-- TOC entry 3485 (class 0 OID 16779)
-- Dependencies: 240
-- Data for Name: resep; Type: TABLE DATA; Schema: public; Owner: postgres
--

COPY public.resep (id, nama, created_date, modified_date, id_kategori) FROM stdin;
1	Nasi Goreng	2023-04-13 14:42:55.800903+07	2023-04-14 13:59:38.159844+07	3
3	Telur Ceplok	2023-04-14 14:15:53.049934+07	2023-04-14 14:15:53.049934+07	3
\.


--
-- TOC entry 3487 (class 0 OID 16787)
-- Dependencies: 242
-- Data for Name: resep_detail; Type: TABLE DATA; Schema: public; Owner: postgres
--

COPY public.resep_detail (id, created_date, modified_date, id_bahan, id_resep, id_satuan, jumlah) FROM stdin;
5	2023-04-14 13:59:38.20148+07	2023-04-14 13:59:38.20148+07	1	1	1	1
6	2023-04-14 13:59:38.20148+07	2023-04-14 13:59:38.20148+07	2	1	2	2
7	2023-04-14 13:59:38.20148+07	2023-04-14 13:59:38.20148+07	3	1	14	0
8	2023-04-14 13:59:38.20148+07	2023-04-14 13:59:38.20148+07	4	1	4	5
9	2023-04-14 13:59:38.20148+07	2023-04-14 13:59:38.20148+07	5	1	4	5
10	2023-04-14 13:59:38.20148+07	2023-04-14 13:59:38.20148+07	6	1	14	0
11	2023-04-14 13:59:38.20148+07	2023-04-14 13:59:38.20148+07	7	1	5	5
12	2023-04-14 13:59:38.20148+07	2023-04-14 13:59:38.20148+07	8	1	14	0
13	2023-04-14 13:59:38.20148+07	2023-04-14 13:59:38.20148+07	9	1	14	0
14	2023-04-14 14:15:53.089623+07	2023-04-14 14:15:53.089623+07	1	3	1	1
15	2023-04-14 14:15:53.089623+07	2023-04-14 14:15:53.089623+07	2	3	2	2
16	2023-04-14 14:15:53.089623+07	2023-04-14 14:15:53.089623+07	3	3	14	0
\.


--
-- TOC entry 3483 (class 0 OID 16773)
-- Dependencies: 238
-- Data for Name: satuan; Type: TABLE DATA; Schema: public; Owner: postgres
--

COPY public.satuan (id, nama, simbol, created_date, modified_date) FROM stdin;
5	helai	helai	2023-04-13 11:57:49.459243+07	2023-04-13 11:57:49.459243+07
4	siung	siung	2023-04-13 11:57:49.459243+07	2023-04-13 11:57:49.459243+07
3	butir	btr	2023-04-13 11:57:49.459243+07	2023-04-13 11:57:49.459243+07
2	buah	pcs	2023-04-13 11:57:49.459243+07	2023-04-13 11:57:49.459243+07
1	piring	piring	2023-04-13 11:57:49.459243+07	2023-04-13 11:57:49.459243+07
13	cc	cc	2023-04-13 11:57:49.459243+07	2023-04-13 11:57:49.459243+07
11	liter	l	2023-04-13 11:57:49.459243+07	2023-04-13 11:57:49.459243+07
10	gram	gr	2023-04-13 11:57:49.459243+07	2023-04-13 11:57:49.459243+07
9	ons	ons	2023-04-13 11:57:49.459243+07	2023-04-13 11:57:49.459243+07
8	kilogram	kg	2023-04-13 11:57:49.459243+07	2023-04-13 11:57:49.459243+07
7	sendok makan	sdm	2023-04-13 11:57:49.459243+07	2023-04-13 11:57:49.459243+07
6	sendok teh	sdt	2023-04-13 11:57:49.459243+07	2023-04-13 11:57:49.459243+07
12	mililiter	ml	2023-04-13 11:57:49.459243+07	2023-04-13 11:57:49.459243+07
14	secukupnya	secukupnya	2023-04-13 11:57:49.459243+07	2023-04-13 11:57:49.459243+07
\.


--
-- TOC entry 3493 (class 0 OID 0)
-- Dependencies: 220
-- Name: auth_group_id_seq; Type: SEQUENCE SET; Schema: public; Owner: postgres
--

SELECT pg_catalog.setval('public.auth_group_id_seq', 1, false);


--
-- TOC entry 3494 (class 0 OID 0)
-- Dependencies: 222
-- Name: auth_group_permissions_id_seq; Type: SEQUENCE SET; Schema: public; Owner: postgres
--

SELECT pg_catalog.setval('public.auth_group_permissions_id_seq', 1, false);


--
-- TOC entry 3495 (class 0 OID 0)
-- Dependencies: 218
-- Name: auth_permission_id_seq; Type: SEQUENCE SET; Schema: public; Owner: postgres
--

SELECT pg_catalog.setval('public.auth_permission_id_seq', 44, true);


--
-- TOC entry 3496 (class 0 OID 0)
-- Dependencies: 226
-- Name: auth_user_groups_id_seq; Type: SEQUENCE SET; Schema: public; Owner: postgres
--

SELECT pg_catalog.setval('public.auth_user_groups_id_seq', 1, false);


--
-- TOC entry 3497 (class 0 OID 0)
-- Dependencies: 224
-- Name: auth_user_id_seq; Type: SEQUENCE SET; Schema: public; Owner: postgres
--

SELECT pg_catalog.setval('public.auth_user_id_seq', 1, true);


--
-- TOC entry 3498 (class 0 OID 0)
-- Dependencies: 228
-- Name: auth_user_user_permissions_id_seq; Type: SEQUENCE SET; Schema: public; Owner: postgres
--

SELECT pg_catalog.setval('public.auth_user_user_permissions_id_seq', 1, false);


--
-- TOC entry 3499 (class 0 OID 0)
-- Dependencies: 232
-- Name: bahan_id_seq; Type: SEQUENCE SET; Schema: public; Owner: postgres
--

SELECT pg_catalog.setval('public.bahan_id_seq', 10, true);


--
-- TOC entry 3500 (class 0 OID 0)
-- Dependencies: 230
-- Name: django_admin_log_id_seq; Type: SEQUENCE SET; Schema: public; Owner: postgres
--

SELECT pg_catalog.setval('public.django_admin_log_id_seq', 1, false);


--
-- TOC entry 3501 (class 0 OID 0)
-- Dependencies: 216
-- Name: django_content_type_id_seq; Type: SEQUENCE SET; Schema: public; Owner: postgres
--

SELECT pg_catalog.setval('public.django_content_type_id_seq', 11, true);


--
-- TOC entry 3502 (class 0 OID 0)
-- Dependencies: 214
-- Name: django_migrations_id_seq; Type: SEQUENCE SET; Schema: public; Owner: postgres
--

SELECT pg_catalog.setval('public.django_migrations_id_seq', 27, true);


--
-- TOC entry 3503 (class 0 OID 0)
-- Dependencies: 234
-- Name: kategori_id_seq; Type: SEQUENCE SET; Schema: public; Owner: postgres
--

SELECT pg_catalog.setval('public.kategori_id_seq', 11, true);


--
-- TOC entry 3504 (class 0 OID 0)
-- Dependencies: 241
-- Name: resep_detail_id_seq; Type: SEQUENCE SET; Schema: public; Owner: postgres
--

SELECT pg_catalog.setval('public.resep_detail_id_seq', 31, true);


--
-- TOC entry 3505 (class 0 OID 0)
-- Dependencies: 239
-- Name: resep_id_seq; Type: SEQUENCE SET; Schema: public; Owner: postgres
--

SELECT pg_catalog.setval('public.resep_id_seq', 8, true);


--
-- TOC entry 3506 (class 0 OID 0)
-- Dependencies: 237
-- Name: satuan_id_seq; Type: SEQUENCE SET; Schema: public; Owner: postgres
--

SELECT pg_catalog.setval('public.satuan_id_seq', 1, true);


--
-- TOC entry 3256 (class 2606 OID 16704)
-- Name: auth_group auth_group_name_key; Type: CONSTRAINT; Schema: public; Owner: postgres
--

ALTER TABLE ONLY public.auth_group
    ADD CONSTRAINT auth_group_name_key UNIQUE (name);


--
-- TOC entry 3261 (class 2606 OID 16635)
-- Name: auth_group_permissions auth_group_permissions_group_id_permission_id_0cd325b0_uniq; Type: CONSTRAINT; Schema: public; Owner: postgres
--

ALTER TABLE ONLY public.auth_group_permissions
    ADD CONSTRAINT auth_group_permissions_group_id_permission_id_0cd325b0_uniq UNIQUE (group_id, permission_id);


--
-- TOC entry 3264 (class 2606 OID 16604)
-- Name: auth_group_permissions auth_group_permissions_pkey; Type: CONSTRAINT; Schema: public; Owner: postgres
--

ALTER TABLE ONLY public.auth_group_permissions
    ADD CONSTRAINT auth_group_permissions_pkey PRIMARY KEY (id);


--
-- TOC entry 3258 (class 2606 OID 16596)
-- Name: auth_group auth_group_pkey; Type: CONSTRAINT; Schema: public; Owner: postgres
--

ALTER TABLE ONLY public.auth_group
    ADD CONSTRAINT auth_group_pkey PRIMARY KEY (id);


--
-- TOC entry 3251 (class 2606 OID 16626)
-- Name: auth_permission auth_permission_content_type_id_codename_01ab375a_uniq; Type: CONSTRAINT; Schema: public; Owner: postgres
--

ALTER TABLE ONLY public.auth_permission
    ADD CONSTRAINT auth_permission_content_type_id_codename_01ab375a_uniq UNIQUE (content_type_id, codename);


--
-- TOC entry 3253 (class 2606 OID 16590)
-- Name: auth_permission auth_permission_pkey; Type: CONSTRAINT; Schema: public; Owner: postgres
--

ALTER TABLE ONLY public.auth_permission
    ADD CONSTRAINT auth_permission_pkey PRIMARY KEY (id);


--
-- TOC entry 3272 (class 2606 OID 16618)
-- Name: auth_user_groups auth_user_groups_pkey; Type: CONSTRAINT; Schema: public; Owner: postgres
--

ALTER TABLE ONLY public.auth_user_groups
    ADD CONSTRAINT auth_user_groups_pkey PRIMARY KEY (id);


--
-- TOC entry 3275 (class 2606 OID 16650)
-- Name: auth_user_groups auth_user_groups_user_id_group_id_94350c0c_uniq; Type: CONSTRAINT; Schema: public; Owner: postgres
--

ALTER TABLE ONLY public.auth_user_groups
    ADD CONSTRAINT auth_user_groups_user_id_group_id_94350c0c_uniq UNIQUE (user_id, group_id);


--
-- TOC entry 3266 (class 2606 OID 16610)
-- Name: auth_user auth_user_pkey; Type: CONSTRAINT; Schema: public; Owner: postgres
--

ALTER TABLE ONLY public.auth_user
    ADD CONSTRAINT auth_user_pkey PRIMARY KEY (id);


--
-- TOC entry 3278 (class 2606 OID 16624)
-- Name: auth_user_user_permissions auth_user_user_permissions_pkey; Type: CONSTRAINT; Schema: public; Owner: postgres
--

ALTER TABLE ONLY public.auth_user_user_permissions
    ADD CONSTRAINT auth_user_user_permissions_pkey PRIMARY KEY (id);


--
-- TOC entry 3281 (class 2606 OID 16664)
-- Name: auth_user_user_permissions auth_user_user_permissions_user_id_permission_id_14a6b632_uniq; Type: CONSTRAINT; Schema: public; Owner: postgres
--

ALTER TABLE ONLY public.auth_user_user_permissions
    ADD CONSTRAINT auth_user_user_permissions_user_id_permission_id_14a6b632_uniq UNIQUE (user_id, permission_id);


--
-- TOC entry 3269 (class 2606 OID 16699)
-- Name: auth_user auth_user_username_key; Type: CONSTRAINT; Schema: public; Owner: postgres
--

ALTER TABLE ONLY public.auth_user
    ADD CONSTRAINT auth_user_username_key UNIQUE (username);


--
-- TOC entry 3287 (class 2606 OID 16711)
-- Name: bahan bahan_pkey; Type: CONSTRAINT; Schema: public; Owner: postgres
--

ALTER TABLE ONLY public.bahan
    ADD CONSTRAINT bahan_pkey PRIMARY KEY (id);


--
-- TOC entry 3284 (class 2606 OID 16685)
-- Name: django_admin_log django_admin_log_pkey; Type: CONSTRAINT; Schema: public; Owner: postgres
--

ALTER TABLE ONLY public.django_admin_log
    ADD CONSTRAINT django_admin_log_pkey PRIMARY KEY (id);


--
-- TOC entry 3246 (class 2606 OID 16584)
-- Name: django_content_type django_content_type_app_label_model_76bd3d3b_uniq; Type: CONSTRAINT; Schema: public; Owner: postgres
--

ALTER TABLE ONLY public.django_content_type
    ADD CONSTRAINT django_content_type_app_label_model_76bd3d3b_uniq UNIQUE (app_label, model);


--
-- TOC entry 3248 (class 2606 OID 16582)
-- Name: django_content_type django_content_type_pkey; Type: CONSTRAINT; Schema: public; Owner: postgres
--

ALTER TABLE ONLY public.django_content_type
    ADD CONSTRAINT django_content_type_pkey PRIMARY KEY (id);


--
-- TOC entry 3244 (class 2606 OID 16576)
-- Name: django_migrations django_migrations_pkey; Type: CONSTRAINT; Schema: public; Owner: postgres
--

ALTER TABLE ONLY public.django_migrations
    ADD CONSTRAINT django_migrations_pkey PRIMARY KEY (id);


--
-- TOC entry 3292 (class 2606 OID 16768)
-- Name: django_session django_session_pkey; Type: CONSTRAINT; Schema: public; Owner: postgres
--

ALTER TABLE ONLY public.django_session
    ADD CONSTRAINT django_session_pkey PRIMARY KEY (session_key);


--
-- TOC entry 3289 (class 2606 OID 16717)
-- Name: kategori kategori_pkey; Type: CONSTRAINT; Schema: public; Owner: postgres
--

ALTER TABLE ONLY public.kategori
    ADD CONSTRAINT kategori_pkey PRIMARY KEY (id);


--
-- TOC entry 3303 (class 2606 OID 16791)
-- Name: resep_detail resep_detail_pkey; Type: CONSTRAINT; Schema: public; Owner: postgres
--

ALTER TABLE ONLY public.resep_detail
    ADD CONSTRAINT resep_detail_pkey PRIMARY KEY (id);


--
-- TOC entry 3298 (class 2606 OID 16785)
-- Name: resep resep_pkey; Type: CONSTRAINT; Schema: public; Owner: postgres
--

ALTER TABLE ONLY public.resep
    ADD CONSTRAINT resep_pkey PRIMARY KEY (id);


--
-- TOC entry 3295 (class 2606 OID 16777)
-- Name: satuan satuan_pkey; Type: CONSTRAINT; Schema: public; Owner: postgres
--

ALTER TABLE ONLY public.satuan
    ADD CONSTRAINT satuan_pkey PRIMARY KEY (id);


--
-- TOC entry 3254 (class 1259 OID 16705)
-- Name: auth_group_name_a6ea08ec_like; Type: INDEX; Schema: public; Owner: postgres
--

CREATE INDEX auth_group_name_a6ea08ec_like ON public.auth_group USING btree (name varchar_pattern_ops);


--
-- TOC entry 3259 (class 1259 OID 16646)
-- Name: auth_group_permissions_group_id_b120cbf9; Type: INDEX; Schema: public; Owner: postgres
--

CREATE INDEX auth_group_permissions_group_id_b120cbf9 ON public.auth_group_permissions USING btree (group_id);


--
-- TOC entry 3262 (class 1259 OID 16647)
-- Name: auth_group_permissions_permission_id_84c5c92e; Type: INDEX; Schema: public; Owner: postgres
--

CREATE INDEX auth_group_permissions_permission_id_84c5c92e ON public.auth_group_permissions USING btree (permission_id);


--
-- TOC entry 3249 (class 1259 OID 16632)
-- Name: auth_permission_content_type_id_2f476e4b; Type: INDEX; Schema: public; Owner: postgres
--

CREATE INDEX auth_permission_content_type_id_2f476e4b ON public.auth_permission USING btree (content_type_id);


--
-- TOC entry 3270 (class 1259 OID 16662)
-- Name: auth_user_groups_group_id_97559544; Type: INDEX; Schema: public; Owner: postgres
--

CREATE INDEX auth_user_groups_group_id_97559544 ON public.auth_user_groups USING btree (group_id);


--
-- TOC entry 3273 (class 1259 OID 16661)
-- Name: auth_user_groups_user_id_6a12ed8b; Type: INDEX; Schema: public; Owner: postgres
--

CREATE INDEX auth_user_groups_user_id_6a12ed8b ON public.auth_user_groups USING btree (user_id);


--
-- TOC entry 3276 (class 1259 OID 16676)
-- Name: auth_user_user_permissions_permission_id_1fbb5f2c; Type: INDEX; Schema: public; Owner: postgres
--

CREATE INDEX auth_user_user_permissions_permission_id_1fbb5f2c ON public.auth_user_user_permissions USING btree (permission_id);


--
-- TOC entry 3279 (class 1259 OID 16675)
-- Name: auth_user_user_permissions_user_id_a95ead1b; Type: INDEX; Schema: public; Owner: postgres
--

CREATE INDEX auth_user_user_permissions_user_id_a95ead1b ON public.auth_user_user_permissions USING btree (user_id);


--
-- TOC entry 3267 (class 1259 OID 16700)
-- Name: auth_user_username_6821ab7c_like; Type: INDEX; Schema: public; Owner: postgres
--

CREATE INDEX auth_user_username_6821ab7c_like ON public.auth_user USING btree (username varchar_pattern_ops);


--
-- TOC entry 3282 (class 1259 OID 16696)
-- Name: django_admin_log_content_type_id_c4bce8eb; Type: INDEX; Schema: public; Owner: postgres
--

CREATE INDEX django_admin_log_content_type_id_c4bce8eb ON public.django_admin_log USING btree (content_type_id);


--
-- TOC entry 3285 (class 1259 OID 16697)
-- Name: django_admin_log_user_id_c564eba6; Type: INDEX; Schema: public; Owner: postgres
--

CREATE INDEX django_admin_log_user_id_c564eba6 ON public.django_admin_log USING btree (user_id);


--
-- TOC entry 3290 (class 1259 OID 16770)
-- Name: django_session_expire_date_a5c62663; Type: INDEX; Schema: public; Owner: postgres
--

CREATE INDEX django_session_expire_date_a5c62663 ON public.django_session USING btree (expire_date);


--
-- TOC entry 3293 (class 1259 OID 16769)
-- Name: django_session_session_key_c0390e0f_like; Type: INDEX; Schema: public; Owner: postgres
--

CREATE INDEX django_session_session_key_c0390e0f_like ON public.django_session USING btree (session_key varchar_pattern_ops);


--
-- TOC entry 3299 (class 1259 OID 16813)
-- Name: resep_detail_id_bahan_10ec1dcf; Type: INDEX; Schema: public; Owner: postgres
--

CREATE INDEX resep_detail_id_bahan_10ec1dcf ON public.resep_detail USING btree (id_bahan);


--
-- TOC entry 3300 (class 1259 OID 16814)
-- Name: resep_detail_id_resep_5f8bf6fe; Type: INDEX; Schema: public; Owner: postgres
--

CREATE INDEX resep_detail_id_resep_5f8bf6fe ON public.resep_detail USING btree (id_resep);


--
-- TOC entry 3301 (class 1259 OID 16815)
-- Name: resep_detail_id_satuan_88389300; Type: INDEX; Schema: public; Owner: postgres
--

CREATE INDEX resep_detail_id_satuan_88389300 ON public.resep_detail USING btree (id_satuan);


--
-- TOC entry 3296 (class 1259 OID 16797)
-- Name: resep_id_kategori_9973df53; Type: INDEX; Schema: public; Owner: postgres
--

CREATE INDEX resep_id_kategori_9973df53 ON public.resep USING btree (id_kategori);


--
-- TOC entry 3305 (class 2606 OID 16641)
-- Name: auth_group_permissions auth_group_permissio_permission_id_84c5c92e_fk_auth_perm; Type: FK CONSTRAINT; Schema: public; Owner: postgres
--

ALTER TABLE ONLY public.auth_group_permissions
    ADD CONSTRAINT auth_group_permissio_permission_id_84c5c92e_fk_auth_perm FOREIGN KEY (permission_id) REFERENCES public.auth_permission(id) DEFERRABLE INITIALLY DEFERRED;


--
-- TOC entry 3306 (class 2606 OID 16636)
-- Name: auth_group_permissions auth_group_permissions_group_id_b120cbf9_fk_auth_group_id; Type: FK CONSTRAINT; Schema: public; Owner: postgres
--

ALTER TABLE ONLY public.auth_group_permissions
    ADD CONSTRAINT auth_group_permissions_group_id_b120cbf9_fk_auth_group_id FOREIGN KEY (group_id) REFERENCES public.auth_group(id) DEFERRABLE INITIALLY DEFERRED;


--
-- TOC entry 3304 (class 2606 OID 16627)
-- Name: auth_permission auth_permission_content_type_id_2f476e4b_fk_django_co; Type: FK CONSTRAINT; Schema: public; Owner: postgres
--

ALTER TABLE ONLY public.auth_permission
    ADD CONSTRAINT auth_permission_content_type_id_2f476e4b_fk_django_co FOREIGN KEY (content_type_id) REFERENCES public.django_content_type(id) DEFERRABLE INITIALLY DEFERRED;


--
-- TOC entry 3307 (class 2606 OID 16656)
-- Name: auth_user_groups auth_user_groups_group_id_97559544_fk_auth_group_id; Type: FK CONSTRAINT; Schema: public; Owner: postgres
--

ALTER TABLE ONLY public.auth_user_groups
    ADD CONSTRAINT auth_user_groups_group_id_97559544_fk_auth_group_id FOREIGN KEY (group_id) REFERENCES public.auth_group(id) DEFERRABLE INITIALLY DEFERRED;


--
-- TOC entry 3308 (class 2606 OID 16651)
-- Name: auth_user_groups auth_user_groups_user_id_6a12ed8b_fk_auth_user_id; Type: FK CONSTRAINT; Schema: public; Owner: postgres
--

ALTER TABLE ONLY public.auth_user_groups
    ADD CONSTRAINT auth_user_groups_user_id_6a12ed8b_fk_auth_user_id FOREIGN KEY (user_id) REFERENCES public.auth_user(id) DEFERRABLE INITIALLY DEFERRED;


--
-- TOC entry 3309 (class 2606 OID 16670)
-- Name: auth_user_user_permissions auth_user_user_permi_permission_id_1fbb5f2c_fk_auth_perm; Type: FK CONSTRAINT; Schema: public; Owner: postgres
--

ALTER TABLE ONLY public.auth_user_user_permissions
    ADD CONSTRAINT auth_user_user_permi_permission_id_1fbb5f2c_fk_auth_perm FOREIGN KEY (permission_id) REFERENCES public.auth_permission(id) DEFERRABLE INITIALLY DEFERRED;


--
-- TOC entry 3310 (class 2606 OID 16665)
-- Name: auth_user_user_permissions auth_user_user_permissions_user_id_a95ead1b_fk_auth_user_id; Type: FK CONSTRAINT; Schema: public; Owner: postgres
--

ALTER TABLE ONLY public.auth_user_user_permissions
    ADD CONSTRAINT auth_user_user_permissions_user_id_a95ead1b_fk_auth_user_id FOREIGN KEY (user_id) REFERENCES public.auth_user(id) DEFERRABLE INITIALLY DEFERRED;


--
-- TOC entry 3311 (class 2606 OID 16686)
-- Name: django_admin_log django_admin_log_content_type_id_c4bce8eb_fk_django_co; Type: FK CONSTRAINT; Schema: public; Owner: postgres
--

ALTER TABLE ONLY public.django_admin_log
    ADD CONSTRAINT django_admin_log_content_type_id_c4bce8eb_fk_django_co FOREIGN KEY (content_type_id) REFERENCES public.django_content_type(id) DEFERRABLE INITIALLY DEFERRED;


--
-- TOC entry 3312 (class 2606 OID 16691)
-- Name: django_admin_log django_admin_log_user_id_c564eba6_fk_auth_user_id; Type: FK CONSTRAINT; Schema: public; Owner: postgres
--

ALTER TABLE ONLY public.django_admin_log
    ADD CONSTRAINT django_admin_log_user_id_c564eba6_fk_auth_user_id FOREIGN KEY (user_id) REFERENCES public.auth_user(id) DEFERRABLE INITIALLY DEFERRED;


--
-- TOC entry 3314 (class 2606 OID 16798)
-- Name: resep_detail resep_detail_id_bahan_10ec1dcf_fk_bahan_id; Type: FK CONSTRAINT; Schema: public; Owner: postgres
--

ALTER TABLE ONLY public.resep_detail
    ADD CONSTRAINT resep_detail_id_bahan_10ec1dcf_fk_bahan_id FOREIGN KEY (id_bahan) REFERENCES public.bahan(id) DEFERRABLE INITIALLY DEFERRED;


--
-- TOC entry 3315 (class 2606 OID 16803)
-- Name: resep_detail resep_detail_id_resep_5f8bf6fe_fk_resep_id; Type: FK CONSTRAINT; Schema: public; Owner: postgres
--

ALTER TABLE ONLY public.resep_detail
    ADD CONSTRAINT resep_detail_id_resep_5f8bf6fe_fk_resep_id FOREIGN KEY (id_resep) REFERENCES public.resep(id) DEFERRABLE INITIALLY DEFERRED;


--
-- TOC entry 3316 (class 2606 OID 16808)
-- Name: resep_detail resep_detail_id_satuan_88389300_fk_satuan_id; Type: FK CONSTRAINT; Schema: public; Owner: postgres
--

ALTER TABLE ONLY public.resep_detail
    ADD CONSTRAINT resep_detail_id_satuan_88389300_fk_satuan_id FOREIGN KEY (id_satuan) REFERENCES public.satuan(id) DEFERRABLE INITIALLY DEFERRED;


--
-- TOC entry 3313 (class 2606 OID 16792)
-- Name: resep resep_id_kategori_9973df53_fk_kategori_id; Type: FK CONSTRAINT; Schema: public; Owner: postgres
--

ALTER TABLE ONLY public.resep
    ADD CONSTRAINT resep_id_kategori_9973df53_fk_kategori_id FOREIGN KEY (id_kategori) REFERENCES public.kategori(id) DEFERRABLE INITIALLY DEFERRED;


-- Completed on 2023-04-14 15:30:35

--
-- PostgreSQL database dump complete
--

